dataset,dataset_slug,query_id,query_text,doc_id,x,y,z,bm25_rank,rerank_rank,rank_gain,bm25_score,reranker_score,relevance,visual_group,preview,abs_rank_gain,label
NF-Corpus,nfcorpus,PLAIN-3342,Is Coconut Milk Good For You?,MED-5012,-0.4608022,-0.058104675,-0.014910424,1,45,-44,21.659861139287727,-8.527563095092773,2,Relevante no qrels,The cholesterol-lowering effect of coconut flakes in humans with moderately raised serum cholesterol.. This study investigated the effect of coconut flakes on serum cholesterol levels of humans with moderately raised serum cholesterol in 21...,44,MED-5012
NF-Corpus,nfcorpus,PLAIN-3342,Is Coconut Milk Good For You?,MED-3109,-0.15359552,-0.18995017,0.29084364,2,27,-25,17.003191461016122,-7.541492938995361,0,Caiu,"You AhR what you eat: linking diet and immunity.. The aryl hydrocarbon receptor (AhR) is responsible for the toxic effects of environmental pollutants such as dioxin, but little is known about its normal physiological functions. Li et al. (...",25,
NF-Corpus,nfcorpus,PLAIN-3342,Is Coconut Milk Good For You?,MED-2291,-0.36725456,-0.03434039,0.08712245,3,54,-51,16.697143705347667,-9.523469924926758,0,Caiu,"Viscous versus nonviscous soluble fiber supplements: mechanisms and evidence for fiber-specific health benefits.. PURPOSE: This review focuses on the health benefits of viscous versus nonviscous soluble fibers, why symptoms can occur with i...",51,MED-2291
NF-Corpus,nfcorpus,PLAIN-3342,Is Coconut Milk Good For You?,MED-4000,-0.5175942,0.037324436,-0.15205769,4,40,-36,16.42831852370685,-8.354938507080078,0,Caiu,"Coconut oil predicts a beneficial lipid profile in pre-menopausal women in the Philippines. Coconut oil is a common edible oil in many countries, and there is mixed evidence for its effects on lipid profiles and cardiovascular disease risk....",36,
NF-Corpus,nfcorpus,PLAIN-3342,Is Coconut Milk Good For You?,MED-4001,-0.52458185,-0.068292126,-0.13406724,5,37,-32,14.270200613765518,-8.274840354919434,0,Caiu,An Open-Label Pilot Study to Assess the Efficacy and Safety of Virgin Coconut Oil in Reducing Visceral Adiposity. Introduction. This is an open-label pilot study on four weeks of virgin coconut oil (VCO) to investigate its efficacy in weigh...,32,
NF-Corpus,nfcorpus,PLAIN-3342,Is Coconut Milk Good For You?,MED-5014,-0.5064,0.100535184,-0.072613895,6,6,0,14.263165654318279,-5.1789069175720215,2,Relevante no qrels,"Dietary intake and the risk of coronary heart disease among the coconut-consuming Minangkabau in West Sumatra, Indonesia.. Several nutrition and non-nutritional pathways are recognised in the development and occurrence of cardiovascular dis...",0,MED-5014
NF-Corpus,nfcorpus,PLAIN-3342,Is Coconut Milk Good For You?,MED-5015,-0.38423827,-0.05500798,0.09646214,7,55,-48,14.013930990813364,-9.594353675842285,0,Caiu,"The intravenous use of coconut water.. Medical resources routinely used for intravenous hydration and resuscitation of critically ill patients may be limited in remote regions of the world. When faced with these shortages, physicians have h...",48,MED-5015
NF-Corpus,nfcorpus,PLAIN-3342,Is Coconut Milk Good For You?,MED-4695,0.11199722,-0.17199215,0.010374415,8,59,-51,13.811361085508917,-10.196765899658203,0,Caiu,"Electric light causes cancer? Surely you're joking, Mr. Stevens.. Night is no longer dark in the modern world, and the Milky Way has disappeared. Electric light has benefits but there are also a few detriments. These are (1) loss of the nig...",51,MED-4695
NF-Corpus,nfcorpus,PLAIN-3342,Is Coconut Milk Good For You?,MED-4236,-0.07169152,-0.16662632,-0.03760345,9,60,-51,13.097664026415087,-10.19681453704834,0,Caiu,"Benign prostatic hyperplasia in primary care: what you need to know.. PURPOSE: We reviewed recent literature and treatment guidelines regarding the prevalence, pathophysiology, and management of BPO related to BPH; and management of lower u...",51,MED-4236
NF-Corpus,nfcorpus,PLAIN-3342,Is Coconut Milk Good For You?,MED-1229,0.41904637,-0.44472808,-0.18667166,10,2,8,12.952093413464947,-3.6580862998962402,0,Top reranker,Milk is not just food but most likely a genetic transfection system activating mTORC1 signaling for postnatal growth. Milk has been recognized to represent a functionally active nutrient system promoting neonatal growth of mammals. Cell gro...,8,MED-1229
NF-Corpus,nfcorpus,PLAIN-3342,Is Coconut Milk Good For You?,MED-2123,0.41904634,-0.44472808,-0.18667161,11,3,8,12.952093413464947,-3.6580862998962402,0,Top reranker,Milk is not just food but most likely a genetic transfection system activating mTORC1 signaling for postnatal growth. Milk has been recognized to represent a functionally active nutrient system promoting neonatal growth of mammals. Cell gro...,8,MED-2123
NF-Corpus,nfcorpus,PLAIN-3342,Is Coconut Milk Good For You?,MED-4782,-0.353907,-0.030395243,0.10219589,12,7,5,12.947108377116644,-5.7716145515441895,0,Top reranker,Survey of commercially available chocolate- and cocoa-containing products in the United States. 2. Comparison of flavan-3-ol content with nonfat co.... A survey of a broad range of chocolate- and cocoa-containing products marketed in the Un...,5,MED-4782
NF-Corpus,nfcorpus,PLAIN-3342,Is Coconut Milk Good For You?,MED-5016,-0.44482592,-0.006068869,-0.08990685,13,11,2,12.793343252525506,-5.899863243103027,0,Subiu,"Effects of dietary coconut oil, butter and safflower oil on plasma lipids, lipoproteins and lathosterol levels.. OBJECTIVE: The aim of this present study was to determine plasma levels of lathosterol, lipids, lipoproteins and apolipoprotein...",2,
NF-Corpus,nfcorpus,PLAIN-3342,Is Coconut Milk Good For You?,MED-4396,0.12333774,0.10933794,-0.009246351,14,34,-20,12.450571740119127,-7.971095561981201,0,Caiu,Milk consumption and acne in adolescent girls.. There has been a remarkable paucity of evidence for an association between diet and acne. Our previous studies suggest that there is an association between milk intake and teenage acne. This i...,20,
NF-Corpus,nfcorpus,PLAIN-3342,Is Coconut Milk Good For You?,MED-1770,0.23302922,0.07910175,0.032146506,15,52,-37,12.331202681295952,-9.168904304504395,0,Caiu,"Possible health impact of animal oestrogens in food.. Oestrogens govern reproductive functions in vertebrates, and are present in all animal tissues. The theoretical maximum daily intake (TMDI) of oestradiol-17beta by consumption of cattle ...",37,
NF-Corpus,nfcorpus,PLAIN-3342,Is Coconut Milk Good For You?,MED-1768,0.39258513,0.085268416,0.006227744,16,43,-27,12.104884016751226,-8.493427276611328,0,Caiu,Is milk responsible for male reproductive disorders?. The role of environmental compounds with estrogenic activity in the development of male reproductive disorders has been a source of great concern. Among the routes of human exposure to e...,27,
NF-Corpus,nfcorpus,PLAIN-3342,Is Coconut Milk Good For You?,MED-2126,0.31407857,-0.42622286,-0.27294946,17,56,-39,11.910896411683957,-9.867491722106934,0,Caiu,Excessive Leucine-mTORC1-Signalling of Cow Milk-Based Infant Formula: The Missing Link to Understand Early Childhood Obesity. Increased protein supply by feeding cow-milk-based infant formula in comparison to lower protein content of human ...,39,MED-2126
NF-Corpus,nfcorpus,PLAIN-3342,Is Coconut Milk Good For You?,MED-2056,0.24500272,-0.08392805,0.52533513,18,49,-31,11.872847789308697,-8.859199523925781,0,Caiu,Cow's Milk Allergy Is a Major Contributor in Recurrent Perianal Dermatitis of Infants. Background. Recurrent perianal inflammation has great etiologic diversity. A possible cause is cow's milk allergy (CMA). The aim was to assess the magnit...,31,
NF-Corpus,nfcorpus,PLAIN-3342,Is Coconut Milk Good For You?,MED-2772,0.2132685,0.29165125,-0.3808786,19,41,-22,11.756318529369373,-8.36673641204834,0,Caiu,Milk consumption is a risk factor for prostate cancer: meta-analysis of case-control studies.. Prostate cancer has become the most common cancer among men in the United States. Although milk consumption is considered to be a risk factor in ...,22,
NF-Corpus,nfcorpus,PLAIN-3342,Is Coconut Milk Good For You?,MED-4751,0.39692834,0.27968428,-0.056996584,20,32,-12,11.687175063220316,-7.753626823425293,0,Caiu,"The possible role of female sex hormones in milk from pregnant cows in the development of breast, ovarian and corpus uteri cancers.. The continued increase in incidence of some hormone-related cancers worldwide is of great concern. Although...",12,
NF-Corpus,nfcorpus,PLAIN-3342,Is Coconut Milk Good For You?,MED-2653,0.17088969,0.21777807,0.28559968,21,30,-9,11.673560583119755,-7.605337619781494,0,Caiu,"Nonylphenol and octylphenol in human breast milk.. Human milk is the most important form of nourishment for newborn children. Its consumption is strongly recommended by health authorities also for other important advantages. Unfortunately, ...",9,
NF-Corpus,nfcorpus,PLAIN-3342,Is Coconut Milk Good For You?,MED-4173,0.18428813,0.19969225,0.025260633,22,38,-16,11.66166492516821,-8.316326141357422,0,Caiu,Chronic disease and infant nutrition: is it significant to public health?. OBJECTIVE: To assess the public health significance of premature weaning of infants from breast milk on later-life risk of chronic illness. DESIGN: A review and summ...,16,
NF-Corpus,nfcorpus,PLAIN-3342,Is Coconut Milk Good For You?,MED-5013,-0.4132148,-0.110337794,-0.19075364,23,10,13,11.63896148274737,-5.878830432891846,2,Relevante no qrels,Impairment of endothelial function--a possible mechanism for atherosclerosis of a high-fat meal intake.. INTRODUCTION: Endothelial dysfunction is known to occur in patients with coronary artery disease. Flow-mediated dilation of the brachia...,13,MED-5013
NF-Corpus,nfcorpus,PLAIN-3342,Is Coconut Milk Good For You?,MED-5189,0.18812966,0.21494941,-0.22473976,24,50,-26,11.597965412632478,-8.98487663269043,0,Caiu,Adolescent milk fat and galactose consumption and testicular germ cell cancer.. Recent case-control studies suggested that dairy product consumption is an important risk factor for testicular cancer. We examined the association between cons...,26,
NF-Corpus,nfcorpus,PLAIN-3342,Is Coconut Milk Good For You?,MED-4899,0.2640813,0.17314857,-0.050012078,25,36,-11,11.494084239414638,-8.042470932006836,0,Caiu,"Quantitative measurement of endogenous estrogen metabolites, risk-factors for development of breast cancer, in commercial milk products by LC-MS/MS.. Increased levels of estrogen metabolites (EM) are associated with cancers of the reproduct...",11,
NF-Corpus,nfcorpus,PLAIN-3342,Is Coconut Milk Good For You?,MED-1337,0.10225335,0.43442288,-0.23075481,26,47,-21,11.48328870959931,-8.624080657958984,0,Caiu,"Milk intake and risk of hip fracture in men and women: a meta-analysis of prospective cohort studies.. Milk contains calcium, phosphorus, and protein and is fortified with vitamin D in the United States. All these ingredients may improve bo...",21,
NF-Corpus,nfcorpus,PLAIN-3342,Is Coconut Milk Good For You?,MED-3386,0.14019096,-0.18779832,0.2659543,27,57,-30,11.38972730882162,-10.19346809387207,0,Caiu,"Bronchiolitis obliterans organizing pneumonia (BOOP) after thoracic radiotherapy for breast carcinoma. Common complications of thoracic radiotherapy include esophagitis and radiation pneumonitis. However, it is important to be aware of unco...",30,
NF-Corpus,nfcorpus,PLAIN-3342,Is Coconut Milk Good For You?,MED-4004,-0.36067942,-0.12780903,-0.061073583,28,31,-3,11.353832735369794,-7.680801868438721,0,Caiu,Coconut oil enhances tomato carotenoid tissue accumulation compared to safflower oil in the Mongolian gerbil ( Meriones unguiculatus ).. Evidence suggests that monounsaturated and polyunsaturated fats facilitate greater absorption of carote...,3,
NF-Corpus,nfcorpus,PLAIN-3342,Is Coconut Milk Good For You?,MED-1223,0.33854893,-0.051203243,-0.24485545,29,18,11,11.294822007063006,-6.699077129364014,0,Subiu,"Cow milk consumption, insulin-like growth factor-I, and human biology: a life history approach.. OBJECTIVE: To assess the life history consequences of cow milk consumption at different stages in early life (prenatal to adolescence), especia...",11,
NF-Corpus,nfcorpus,PLAIN-3342,Is Coconut Milk Good For You?,MED-4002,-0.5089007,-0.038644776,-0.117389336,30,33,-3,11.291851071708445,-7.953375339508057,0,Caiu,Effects of dietary coconut oil on the biochemical and anthropometric profiles of women presenting abdominal obesity.. The effects of dietary supplementation with coconut oil on the biochemical and anthropometric profiles of women presenting...,3,
NF-Corpus,nfcorpus,PLAIN-3342,Is Coconut Milk Good For You?,MED-2117,0.19288303,-0.31424662,-0.12179102,31,8,23,11.289710327633006,-5.816667079925537,0,Top reranker,Diet in acne: further evidence for the role of nutrient signalling in acne pathogenesis.. Recent evidence underlines the role of Western diet in the pathogenesis of acne. Acne is absent in populations consuming Palaeolithic diets with low g...,23,MED-2117
NF-Corpus,nfcorpus,PLAIN-3342,Is Coconut Milk Good For You?,MED-1224,0.0075877053,-0.08735594,-0.1763878,32,48,-16,11.240934707656391,-8.689176559448242,0,Caiu,"Skim milk, whey, and casein increase body weight and whey and casein increase the plasma C-peptide concentration in overweight adolescents.. In adults, dietary protein seems to induce weight loss and dairy proteins may be insulinotropic. Ho...",16,
NF-Corpus,nfcorpus,PLAIN-3342,Is Coconut Milk Good For You?,MED-4664,0.16616975,0.011819191,0.35215107,33,9,24,11.23822324236292,-5.83754825592041,0,Top reranker,Iodine toxicity from soy milk and seaweed ingestion is associated with serious thyroid dysfunction.. We report a series of cases of thyroid dysfunction in adults associated with ingestion of a brand of soy milk manufactured with kombu (seaw...,24,
NF-Corpus,nfcorpus,PLAIN-3342,Is Coconut Milk Good For You?,MED-4682,0.07926705,0.23544444,-0.0046980274,34,25,9,11.23728515784159,-7.242856979370117,0,Subiu,Calcium absorption in Australian osteopenic post-menopausal women: an acute comparative study of fortified soymilk to cows' milk.. Calcium loss after menopause increases the risk of osteoporosis in aging women. Soymilk is often consumed to ...,9,
NF-Corpus,nfcorpus,PLAIN-3342,Is Coconut Milk Good For You?,MED-1338,0.08227042,0.46150008,-0.18066923,35,28,7,11.18481646162184,-7.585544109344482,0,Subiu,Milk intake and risk of mortality and fractures in women and men: cohort studies. Objective To examine whether high milk consumption is associated with mortality and fractures in women and men. Design Cohort studies. Setting Three counties ...,7,
NF-Corpus,nfcorpus,PLAIN-3342,Is Coconut Milk Good For You?,MED-2771,0.22107089,0.32487807,-0.35652888,36,23,13,11.181805879392515,-7.108025074005127,0,Subiu,Milk consumption is a risk factor for prostate cancer in Western countries: evidence from cohort studies.. We have previously found a positive association between milk consumption and prostate cancer risk using meta-analysis to analyze publ...,13,
NF-Corpus,nfcorpus,PLAIN-3342,Is Coconut Milk Good For You?,MED-5134,0.06592598,-0.013027342,0.30159706,37,21,16,10.943235219784865,-6.923487186431885,0,Subiu,Complementary feeding: a commentary by the ESPGHAN Committee on Nutrition.. This position paper on complementary feeding summarizes evidence for health effects of complementary foods. It focuses on healthy infants in Europe. After reviewing...,16,
NF-Corpus,nfcorpus,PLAIN-3342,Is Coconut Milk Good For You?,MED-4752,0.47458726,-0.21691138,-0.19614144,38,5,33,10.928536118974751,-4.740445613861084,0,Top reranker,"Acne, dairy and cancer. A potent link to dairy seems to exist for three hormone-responsive glands. Acne, breast cancer and prostate cancer have all been linked epidemiologically to dairy intake. Although mechanisms postulated here remain to...",33,MED-4752
NF-Corpus,nfcorpus,PLAIN-3342,Is Coconut Milk Good For You?,MED-2136,0.35199678,-0.20736384,-0.3995587,39,26,13,10.818342878754173,-7.476839542388916,0,Subiu,The impact of cow's milk-mediated mTORC1-signaling in the initiation and progression of prostate cancer. Prostate cancer (PCa) is dependent on androgen receptor signaling and aberrations of the PI3K-Akt-mTORC1 pathway mediating excessive an...,13,
NF-Corpus,nfcorpus,PLAIN-3342,Is Coconut Milk Good For You?,MED-1595,0.31656387,0.051356997,0.055863563,40,51,-11,10.812203457364786,-9.100014686584473,0,Caiu,"Development of an LC-MS/MS method to quantify sex hormones in bovine milk and influence of pregnancy in their levels.. Hormones work in harmony in the body, and this status must be maintained to avoid metabolic disequilibrium and the subseq...",11,
NF-Corpus,nfcorpus,PLAIN-3342,Is Coconut Milk Good For You?,MED-1774,0.18726453,0.28069913,0.30744466,41,22,19,10.73717607707708,-6.9783501625061035,0,Subiu,"A national survey of persistent, bioaccumulative, and toxic (PBT) pollutants in the United States milk supply.. This study measured 21 persistent, bioaccumulative, and toxic (PBT) pollutants in the US milk supply. Since milk fat is likely t...",19,
NF-Corpus,nfcorpus,PLAIN-3342,Is Coconut Milk Good For You?,MED-4600,-0.18365547,-0.035292685,-0.060288306,42,4,38,10.724219034118516,-4.060546398162842,0,Top reranker,"Essentials of Healthy Eating: A Guide. Enough solid evidence now exists to offer women several fundamental strategies for healthy eating. They include emphasizing healthful unsaturated fats, whole grains, good protein “packages,” and fruits...",38,MED-4600
NF-Corpus,nfcorpus,PLAIN-3342,Is Coconut Milk Good For You?,MED-4366,-0.13516696,0.055691514,0.10553363,43,13,30,10.71463688995704,-6.265722751617432,0,Subiu,The marketing of dietary supplements in North America: the emperor is (almost) naked.. BACKGROUND: Many different dietary supplements are being sold in North America. The quality of the evidence supporting their efficacy covers a wide spect...,30,
NF-Corpus,nfcorpus,PLAIN-3342,Is Coconut Milk Good For You?,MED-4902,-0.16922261,-0.19976898,-0.10545855,44,14,30,10.710947776469867,-6.3176350593566895,0,Subiu,"Addition of milk prevents vascular protective effects of tea.. AIMS: Experimental and clinical studies indicate that tea exerts protection against cardiovascular diseases. However, a question of much debate is whether addition of milk modif...",30,
NF-Corpus,nfcorpus,PLAIN-3342,Is Coconut Milk Good For You?,MED-4113,0.08840949,-0.6107745,0.22992384,45,58,-13,10.6766382660187,-10.196491241455078,0,Caiu,Good riddance: Thymocyte clonal deletion prevents autoimmunity.. Clonal deletion is arguably the most important mechanism of eliminating self-reactive thymocytes from the T-cell repertoire. Recent work has identified new players in this pro...,13,
NF-Corpus,nfcorpus,PLAIN-3342,Is Coconut Milk Good For You?,MED-3087,0.109858476,0.36559817,0.23604953,46,24,22,10.666331228913966,-7.181493759155273,0,Subiu,"Prevalence and public health significance of aluminum residues in milk and some dairy products.. Sixty random samples of bulk farm milk, market milk, locally manufactured processed cheese, and milk powder were collected to be analyzed for a...",22,
NF-Corpus,nfcorpus,PLAIN-3342,Is Coconut Milk Good For You?,MED-4394,0.32203814,-0.41480556,-0.07257872,47,12,35,10.651819795280026,-5.923807144165039,0,Subiu,"Evidence for acne-promoting effects of milk and other insulinotropic dairy products.. Acne vulgaris, the most common skin disease of western civilization, has evolved to an epidemic affecting more than 85% of adolescents. Acne can be regard...",35,
NF-Corpus,nfcorpus,PLAIN-3342,Is Coconut Milk Good For You?,MED-2917,0.20693927,0.12893227,0.21369763,48,16,32,10.6415666673475,-6.423486232757568,0,Subiu,Nutrients and contaminants in human milk from mothers on macrobiotic and omnivorous diets.. The effect of alternative dietary habits and prolonged lactation on the nutrient and contaminant concentrations in human milk was studied. The study...,32,
NF-Corpus,nfcorpus,PLAIN-3342,Is Coconut Milk Good For You?,MED-4443,-0.1658557,-0.037711065,0.04075239,49,53,-4,10.627039060630407,-9.256734848022461,0,Caiu,"Flaxseed: a potential source of food, feed and fiber.. Flaxseed is one of the most important oilseed crops for industrial as well as food, feed, and fiber purposes. Almost every part of the flaxseed plant is utilized commercially, either di...",4,
NF-Corpus,nfcorpus,PLAIN-3342,Is Coconut Milk Good For You?,MED-5283,-0.3845217,-0.0430793,-0.04721669,50,20,30,10.61799811804494,-6.913334369659424,0,Subiu,"Chocolate/cocoa and human health: a review.. Chocolate/cocoa has been known for its good taste and proposed health effects for centuries. Earlier, chocolate used to be criticised for its fat content and its consumption was a sin rather than...",30,
NF-Corpus,nfcorpus,PLAIN-3342,Is Coconut Milk Good For You?,MED-1340,0.067774914,0.39559942,-0.23590367,51,15,36,10.615016560464014,-6.397341728210449,0,Subiu,"Milk Consumption During Teenage Years and Risk of Hip Fractures in Older Adults. Importance Milk consumption during adolescence is recommended to promote peak bone mass and thereby reduce fracture risk in later life. However, its role in hi...",36,
NF-Corpus,nfcorpus,PLAIN-3342,Is Coconut Milk Good For You?,MED-1961,-0.07832603,0.02822606,0.33774772,52,42,10,10.611657207333774,-8.453524589538574,0,Subiu,"Reducing exposure to dioxins and related compounds through foods in the next generation.. Dioxins and related compounds are undesirable and unintended contaminants in the food supply, and dietary intake is the major route of exposure. Reduc...",10,
NF-Corpus,nfcorpus,PLAIN-3342,Is Coconut Milk Good For You?,MED-3768,-0.24205227,0.22775929,-0.113132104,53,29,24,10.59348846143193,-7.59742546081543,0,Subiu,"The positive and negative health effects of alcohol- and the public health implications.. In this paper, the negative and the positive effects of alcohol on health are reviewed. It is first of all established facts that a high alcohol intak...",24,
NF-Corpus,nfcorpus,PLAIN-3342,Is Coconut Milk Good For You?,MED-2195,-0.36125082,-0.08842769,0.14265296,54,44,10,10.593298113946833,-8.519855499267578,0,Subiu,The influence of deep frying using various vegetable oils on acrylamide formation in sweet potato (Ipomoea batatas L. Lam) chips.. The objective of this study was to evaluate the precursors of acrylamide formation in sweet potato (SP) (Ipom...,10,
NF-Corpus,nfcorpus,PLAIN-3342,Is Coconut Milk Good For You?,MED-1709,-0.17383146,-0.11603964,-0.2245562,55,19,36,10.570162738372517,-6.822319507598877,0,Subiu,"Dietary sugar and body weight: have we reached a crisis in the epidemic of obesity and diabetes?: we have, but the pox on sugar is overwrought and .... In the preceding point narrative, Drs. Bray and Popkin provide their opinion and review ...",36,
NF-Corpus,nfcorpus,PLAIN-3342,Is Coconut Milk Good For You?,MED-1366,-0.3185613,0.062056594,-0.005150991,56,35,21,10.551308995172466,-8.0382080078125,0,Subiu,"Mediterranean diet and public health: personal reflections.. My concern about diet as a public health problem began in the early 1950s in Naples, where we observed very low incidences of coronary heart disease associated with what we later ...",21,
NF-Corpus,nfcorpus,PLAIN-3342,Is Coconut Milk Good For You?,MED-901,0.23604627,-0.024773162,0.50054216,57,39,18,10.536694986129707,-8.31875991821289,0,Subiu,"Cow's milk allergy is associated with recurrent otitis media during childhood.. To determine whether cow's milk allergy (CMA) in infancy is associated with recurrent otitis media (ROM) or other chronic ear infections, we conducted a cohort ...",18,
NF-Corpus,nfcorpus,PLAIN-3342,Is Coconut Milk Good For You?,MED-3359,-0.24197893,-0.06771888,0.14811611,58,17,41,10.507963116241621,-6.653863430023193,0,Subiu,You Are What You Eat: Within-Subject Increases in Fruit and Vegetable Consumption Confer Beneficial Skin-Color Changes. Background Fruit and vegetable consumption and ingestion of carotenoids have been found to be associated with human skin...,41,MED-3359
NF-Corpus,nfcorpus,PLAIN-3342,Is Coconut Milk Good For You?,MED-904,0.08903752,0.25184202,0.09662013,59,1,58,10.49774533232115,-2.114048480987549,0,Top reranker,"A systematic review and meta-analysis of the effects of pasteurization on milk vitamins, and evidence for raw milk consumption and other health-rel.... Pasteurization of milk ensures safety for human consumption by reducing the number of vi...",58,MED-904
NF-Corpus,nfcorpus,PLAIN-3342,Is Coconut Milk Good For You?,MED-2057,0.16857958,0.10580775,0.32643753,60,46,14,10.478635782840634,-8.567683219909668,0,Subiu,The Role of Cow's Milk Allergy in Pediatric Chronic Constipation: A Randomized Clinical Trial. Objective Cow's milk allergy has different presentations in children and can cause functional bowel symptoms such as chronic constipation. The ai...,14,
